Cod;R;R1;Giocatore;Squadra;QI;QA;+/-
517;P;P;AUDERO E.;COMO;1;1;0
54;P;P;BIJLOW J.;GENOA;20;18;-2
656;P;P;BLEVE M.;LECCE;1;1;0
137;P;P;BUTEZ J.;COMO;32;32;0
119;P;P;CAPRILE E.;CAGLIARI;20;21;1
81;P;P;CARNESECCHI M.;ATALANTA;34;33;-1
158;P;P;CHRISTENSEN O.;FIORENTINA;1;1;0
351;P;P;CONTINI N.;NAPOLI;1;1;0
373;P;P;CORVI E.;PARMA;1;2;1
565;P;P;DAFFARA G.;PARMA;1;1;0
159;P;P;DE GEA D.;FIORENTINA;24;19;-5
702;P;P;DE MARZI G.;ROMA;1;1;0
595;P;P;DESPLANCHES S.;FROSINONE;1;1;0
228;P;P;DI GENNARO R.;INTER;1;1;0
287;P;P;FALCONE W.;LECCE;17;19;2
267;P;P;FURLANETTO A.;LAZIO;1;1;0
393;P;P;GOLLINI P.;ROMA;1;1;0
685;P;P;GRABARA K.;JUVENTUS;1;1;0
467;P;P;GRANDI M.;VENEZIA;1;1;0
100;P;P;HAPPONEN U.;BOLOGNA;1;1;0
427;P;P;ISRAEL F.;TORINO;1;1;0
160;P;P;LEZZERINI L.;FIORENTINA;1;1;0
184;P;P;LOLIC E.;FROSINONE;1;1;0
209;P;P;LYSIONOK E.;GENOA;1;1;0
36;P;P;MAIGNAN M.;MILAN;34;33;-1
542;P;P;MANDAS C.;LAZIO;25;28;3
230;P;P;MARTINEZ J.;INTER;29;28;-1
592;P;P;MASCARDI D.;TORINO;1;1;0
701;P;P;MAZZOCCHI A.;PARMA;1;1;0
353;P;P;MERET A.;NAPOLI;15;16;1
354;P;P;MILINKOVIC SAVIC V.;NAPOLI;29;29;0
655;P;P;MONTIPÒ L.;VENEZIA;1;1;0
268;P;P;MOTTA E.;LAZIO;1;1;0
411;P;P;MURIC A.;SASSUOLO;16;15;-1
445;P;P;OKOYE M.;UDINESE;17;17;0
446;P;P;PADELLI D.;UDINESE;1;1;0
428;P;P;PALEARI A.;TORINO;18;18;0
185;P;P;PALMISANI L.;FROSINONE;12;12;0
82;P;P;PARDEL P.;ATALANTA;1;1;0
639;P;P;PENEV P.;LECCE;1;1;0
101;P;P;PESSINA Ma.;BOLOGNA;1;1;0
556;P;P;PIANA E.;UDINESE;1;1;0
251;P;P;PINSOGLIO C.;JUVENTUS;1;1;0
693;P;P;PISSERI M.;FROSINONE;1;1;0
311;P;P;PITTARELLA M.;MILAN;1;1;0
327;P;P;PIZZIGNACCO S.;MONZA;1;1;0
587;P;P;POZZI A.;VENEZIA;1;1;0
229;P;P;PROVEDEL I.;INTER;1;1;0
697;P;P;RADU R.;JUVENTUS;1;1;0
687;P;P;RADUNOVIC B.;CAGLIARI;1;1;0
698;P;P;RENZETTI D.;LAZIO;1;1;0
83;P;P;ROSSI F.;ATALANTA;1;1;0
629;P;P;SATALINO G.;SASSUOLO;1;1;0
121;P;P;SHERRI A.;CAGLIARI;1;1;0
429;P;P;SIVIERO L.;TORINO;1;1;0
103;P;P;SKORUPSKI L.;BOLOGNA;25;24;-1
210;P;P;SOMMARIVA D.;GENOA;1;1;0
84;P;P;SPORTIELLO M.;ATALANTA;1;1;0
468;P;P;STANKOVIC F.;VENEZIA;13;11;-2
694;P;P;STOLZ F.;GENOA;1;1;0
328;P;P;STRAJNAR A.;MONZA;1;1;0
394;P;P;SVILAR M.;ROMA;38;39;1
312;P;P;TERRACCIANO P.;MILAN;1;1;0
329;P;P;THIAM D.;MONZA;11;11;0
138;P;P;TORNQVIST N.;COMO;1;1;0
313;P;P;TORRIANI L.;MILAN;1;1;0
410;P;P;TURATI S.;SASSUOLO;1;1;0
536;P;P;VASQUEZ D.;ROMA;1;1;0
648;P;P;VICARIO G.;JUVENTUS;29;30;1
690;P;P;VIGORITO M.;COMO;1;1;0
558;D;D;ABANKWAH J.;UDINESE;1;2;1
85;D;D;AHANOR H.;ATALANTA;14;14;0
70;D;D;AKANJI M.;INTER;32;31;-1
623;D;D;AKPOGUMA K.;FROSINONE;8;8;0
596;D;D;ALHASSANE R.;BOLOGNA;9;9;0
579;D;D;AMEY W.;FROSINONE;5;5;0
330;D;D;ANTOV V.;MONZA;3;3;0
447;D;D;ARIZALA J.;UDINESE;5;5;0
633;D;D;AURELIO G.;CAGLIARI;15;15;0
667;D;D;BADIASHILE B.;NAPOLI;0;19;19
86;D;D;BAKKER M.;ATALANTA;6;6;0
331;D;D;BAKOUNE A.;MONZA;1;2;1
315;D;D;BARTESAGHI D.;MILAN;20;20;0
231;D;D;BASTONI A.;INTER;35;34;-1
549;D;D;BELLA-KOTCHAP A.;VENEZIA;10;9;-1
87;D;D;BELLANOVA R.;ATALANTA;24;24;0
88;D;D;BERNASCONI L.;ATALANTA;19;19;0
448;D;D;BERTOLA N.;UDINESE;12;12;0
355;D;D;BEUKEMA S.;NAPOLI;17;17;0
705;D;D;BIANAY C.;TORINO;1;1;0
430;D;D;BIRAGHI C.;TORINO;8;8;0
333;D;D;BIRINDELLI S.;MONZA;12;12;0
232;D;D;BISSECK Y.;INTER;28;32;4
644;D;D;BOVIO L.;INTER;1;1;0
186;D;D;BRACAGLIA G.;FROSINONE;7;7;0
15;D;D;BREMER;JUVENTUS;34;37;3
375;D;D;BRITSCHGI S.;PARMA;8;8;0
356;D;D;BUONGIORNO A.;NAPOLI;21;21;0
20;D;D;CABAL J.;JUVENTUS;15;15;0
187;D;D;CALVANI G.;FROSINONE;12;13;1
254;D;D;CAMBIASO A.;JUVENTUS;29;27;-2
413;D;D;CANDÈ F.;SASSUOLO;8;8;0
336;D;D;CARBONI A.;MONZA;10;10;0
376;D;D;CARBONI F.;PARMA;6;6;0
233;D;D;CARLOS AUGUSTO;INTER;24;24;0
104;D;D;CASALE N.;BOLOGNA;6;6;0
72;D;D;CELIK Z.;JUVENTUS;19;18;-1
631;D;D;CHALOBAH T.;COMO;25;26;1
188;D;D;CITTADINI G.;FROSINONE;6;7;1
431;D;D;COCO S.;TORINO;16;16;0
609;D;D;COMERT E.;TORINO;9;9;0
89;D;D;COMI P.;ATALANTA;1;1;0
162;D;D;COMUZZO P.;TORINO;19;20;1
575;D;D;CORREIA T.;VENEZIA;12;13;1
626;D;D;COUTO Y.;COMO;20;19;-1
139;D;D;DE PAOLI C.;COMO;1;1;0
105;D;D;DE SILVESTRI L.;BOLOGNA;5;5;0
12;D;D;DE WINTER K.;MILAN;14;15;1
337;D;D;DELLI CARRI F.;MONZA;11;11;0
379;D;D;DELPRATO E.;PARMA;19;19;0
643;D;D;DEMBÉLÉ A.;TORINO;3;3;0
703;D;D;DI BITONTO A.;SASSUOLO;1;1;0
357;D;D;DI LORENZO G.;NAPOLI;32;32;0
613;D;D;DIAWARA S.;MILAN;5;5;0
235;D;D;DIMARCO F.;INTER;43;42;-1
163;D;D;DODO;FIORENTINA;28;26;-2
589;D;D;DOEKHI D.;LAZIO;18;18;0
414;D;D;DOIG J.;SASSUOLO;10;10;0
141;D;D;DOSSENA A.;COMO;8;8;0
578;D;D;DRAGUSIN R.;FIORENTINA;20;18;-2
452;D;D;EBOSSE E.;UDINESE;8;8;0
598;D;D;EL AZZOUZI A.;FROSINONE;5;5;0
33;D;D;ESTUPINAN P.;MILAN;8;9;1
649;D;D;FAVASULI C.;NAPOLI;14;14;0
653;D;D;FAYED O.;FROSINONE;5;5;0
164;D;D;FORTINI N.;TORINO;10;11;1
469;D;D;FRANJIC B.;VENEZIA;8;9;1
316;D;D;GABBIA M.;MILAN;21;21;0
290;D;D;GABRIEL T.;LECCE;18;22;4
593;D;D;GALASSI B.;LAZIO;1;1;0
291;D;D;GALLO A.;LECCE;20;20;0
665;D;D;GAROFALO C.;NAPOLI;1;1;0
292;D;D;GASPAR K.;LECCE;8;9;1
255;D;D;GATTI F.;JUVENTUS;19;19;0
397;D;D;GHILARDI D.;ROMA;16;16;0
269;D;D;GIGOT S.;LAZIO;4;4;0
317;D;D;GILA M.;MILAN;22;23;1
559;D;D;GOGLICHIDZE S.;UDINESE;9;9;0
140;D;D;GOLDANIGA E.;COMO;8;8;0
585;D;D;GOMES A.;VENEZIA;5;5;0
621;D;D;HALHAL R.;VENEZIA;11;11;0
470;D;D;HAPS R.;VENEZIA;12;13;1
50;D;D;HEGGEM T.;BOLOGNA;12;12;0
106;D;D;HELLAND E.;BOLOGNA;7;7;0
398;D;D;HERMOSO M.;ROMA;25;25;0
66;D;D;HIEN I.;ATALANTA;25;25;0
67;D;D;HOLM E.;BOLOGNA;21;21;0
122;D;D;IDRISSI R.;CAGLIARI;10;10;0
415;D;D;IDZES J.;SASSUOLO;6;6;0
432;D;D;ISMAJLI A.;TORINO;18;19;1
293;D;D;JEAN G.;LECCE;6;6;0
588;D;D;JIMENEZ A.;FIORENTINA;21;21;0
449;D;D;KABASELE C.;UDINESE;16;16;0
574;D;D;KAIKI B.;COMO;14;14;0
256;D;D;KALULU P.;JUVENTUS;31;31;0
450;D;D;KAMARA H.;UDINESE;14;19;5
672;D;D;KAMBWALA W.;COMO;16;16;0
257;D;D;KELLY L.;JUVENTUS;24;24;0
142;D;D;KEMPF M.;COMO;27;27;0
614;D;D;KOFLER R.;CAGLIARI;4;4;0
14;D;D;KOLASINAC S.;ATALANTA;12;13;1
166;D;D;KOSPO E.;FIORENTINA;1;1;0
22;D;D;KOSSOUNOU O.;ATALANTA;15;15;0
332;D;D;KOUADIO E.;MONZA;5;5;0
503;D;D;KOUASSI C.;LECCE;5;5;0
620;D;D;KOULIERAKIS K.;ROMA;15;15;0
451;D;D;KRISTENSEN T.;ATALANTA;19;19;0
211;D;D;KUMER CELIK A.;GENOA;1;1;0
270;D;D;LAZZARI M.;LAZIO;12;12;0
662;D;D;LEYSEN F.;SASSUOLO;8;9;1
566;D;D;LIGUE J.;VENEZIA;1;1;0
338;D;D;LUCCHESI L.;MONZA;6;5;-1
19;D;D;LUCUMI J.;JUVENTUS;21;21;0
670;D;D;LULLI E.;ROMA;0;5;5
658;D;D;MACCHIONI T.;SASSUOLO;1;1;0
399;D;D;MANCINI G.;ROMA;33;34;1
603;D;D;MANGAS R.;MONZA;11;11;0
521;D;D;MANNINI M.;ROMA;1;1;0
212;D;D;MARCANDALLI A.;GENOA;15;14;-1
359;D;D;MARIANUCCI L.;NAPOLI;10;10;0
520;D;D;MARIN R.;NAPOLI;12;12;0
253;D;D;MARIO J.;FIORENTINA;14;13;-1
213;D;D;MARTIN A.;GENOA;18;18;0
271;D;D;MARUSIC A.;LAZIO;20;20;0
678;D;D;MAYE Y.;MONZA;2;2;0
360;D;D;MAZZOCCHI P.;NAPOLI;6;6;0
21;D;D;MINA Y.;CAGLIARI;20;20;0
108;D;D;MIRANDA J.;BOLOGNA;23;23;0
634;D;D;MISSORI F.;SASSUOLO;13;13;0
624;D;D;MITAJ M.;GENOA;7;7;0
453;D;D;MLACIC B.;UDINESE;3;3;0
630;D;D;MOLINA N.;ROMA;29;29;0
191;D;D;MONTERISI I.;FROSINONE;11;11;0
611;D;D;MORENO M.;VENEZIA;8;8;0
543;D;D;MUSSOLINI R.;LAZIO;8;9;1
294;D;D;NDABA C.;LECCE;4;5;1
377;D;D;NDIAYE A.;PARMA;7;8;1
24;D;D;NDICKA E.;ROMA;30;31;1
214;D;D;NORTON-CUFFY B.;GENOA;19;19;0
272;D;D;NUNO TAVARES;LAZIO;16;16;0
123;D;D;OBERT A.;CAGLIARI;15;15;0
642;D;D;OBRADOR R.;SASSUOLO;17;17;0
570;D;D;ODENTHAL C.;SASSUOLO;4;8;4
74;D;D;OLIVERA M.;NAPOLI;17;17;0
47;D;D;OSTIGARD L.;GENOA;23;23;0
215;D;D;OTOA S.;GENOA;6;6;0
193;D;D;OYONO A.;FROSINONE;12;13;1
557;D;D;PALMA M.;UDINESE;4;5;1
168;D;D;PARISI F.;FIORENTINA;20;20;0
273;D;D;PATRIC;LAZIO;11;11;0
544;D;D;PAVARD B.;INTER;20;20;0
319;D;D;PAVLOVIC S.;MILAN;33;33;0
704;D;D;PAZ Y.;SASSUOLO;1;1;0
49;D;D;PEDERSEN M.;TORINO;23;23;0
553;D;D;PEDRAZA A.;LAZIO;17;18;1
274;D;D;PELLEGRINI L.;LAZIO;10;10;0
416;D;D;PIERAGNOLO E.;SASSUOLO;6;6;0
32;D;D;PONGRACIC M.;FIORENTINA;17;17;0
275;D;D;PROVSTGAARD O.;LAZIO;15;15;0
572;D;D;PUCZKA D.;GENOA;8;8;0
143;D;D;RAMON J.;COMO;26;25;-1
169;D;D;RANIERI L.;FIORENTINA;19;17;-2
400;D;D;RENSCH D.;ROMA;18;18;0
124;D;D;RODRIGUEZ Ju.;CAGLIARI;0;13;13
601;D;D;ROMAGNOLI A.;LAZIO;21;21;0
361;D;D;RRAHMANI A.;NAPOLI;25;25;0
252;D;D;RUGANI D.;JUVENTUS;4;4;0
216;D;D;SABELLI S.;GENOA;14;14;0
471;D;D;SAGRADO R.;VENEZIA;8;8;0
91;D;D;SCALVINI G.;ATALANTA;26;26;0
472;D;D;SCHINGTIENNE J.;VENEZIA;9;9;0
296;D;D;SIEBERT J.;LECCE;10;11;1
144;D;D;SMOLCIC I.;COMO;18;18;0
454;D;D;SOLET O.;UDINESE;30;30;0
640;D;D;SPENCE D.;INTER;27;27;0
362;D;D;SPINAZZOLA L.;NAPOLI;27;27;0
604;D;D;STONES J.;INTER;30;30;0
668;D;D;SUTALO J.;LAZIO;0;18;18
474;D;D;SVERKO M.;VENEZIA;9;9;0
674;D;D;TCHATO E.;FROSINONE;8;8;0
510;D;D;TERRACCIANO F.;MILAN;9;9;0
637;D;D;TERZIC A.;FROSINONE;15;15;0
42;D;D;TOMORI F.;MILAN;20;20;0
378;D;D;TROILO M.;PARMA;13;14;1
700;D;D;UBANI M.;LECCE;1;1;0
618;D;D;VALDEPEÑAS V.;FIORENTINA;16;16;0
380;D;D;VALENTI L.;PARMA;9;9;0
381;D;D;VALERI E.;PARMA;20;20;0
145;D;D;VALLE A.;COMO;26;26;0
146;D;D;VAN DER BREMPT I.;COMO;14;14;0
45;D;D;VASQUEZ J.;GENOA;21;21;0
696;D;D;VAZ M.;GENOA;1;1;0
297;D;D;VEIGA D.;LECCE;15;16;1
571;D;D;VIERY F.;FIORENTINA;14;14;0
58;D;D;VITIK M.;BOLOGNA;13;13;0
147;D;D;VOJVODA M.;UDINESE;16;16;0
417;D;D;WALUKIEWICZ S.;SASSUOLO;15;15;0
16;D;D;WESLEY;ROMA;36;36;0
455;D;D;ZANOLI A.;UDINESE;8;8;0
125;D;D;ZAPPA G.;CAGLIARI;16;16;0
92;D;D;ZAPPACOSTA D.;ATALANTA;32;32;0
126;D;D;ZÉ PEDRO;CAGLIARI;14;13;-1
402;D;D;ZIOLKOWSKI J.;ROMA;8;8;0
109;D;D;ZORTEA N.;BOLOGNA;18;18;0
127;C;C;ADOPO M.;CAGLIARI;18;19;1
258;C;C;ADZIC V.;SASSUOLO;10;10;0
577;C;C;AKARAKIRI D.;CAGLIARI;4;4;0
547;C;C;AKINSANMIRO E.;MONZA;7;7;0
607;C;C;AMONDARAIN M.;BOLOGNA;11;12;1
217;C;C;AMORIM A.;GENOA;11;12;1
363;C;C;ANGUISSA A.;NAPOLI;33;32;-1
433;C;C;ANJORIN T.;TORINO;11;11;0
545;C;C;ASLLANI K.;INTER;5;5;0
172;C;C;ATTA A.;FIORENTINA;39;37;-2
418;C;C;BAKOLA D.;SASSUOLO;9;9;0
218;C;C;BALDANZI T.;GENOA;20;21;1
340;C;C;BALLABIO N.;MONZA;1;1;0
676;C;C;BARAK A.;FIORENTINA;5;5;0
236;C;C;BARELLA N.;INTER;40;40;0
483;C;C;BASIC T.;VENEZIA;18;18;0
28;C;C;BATURINA M.;COMO;44;42;-2
276;C;C;BELAHYANE R.;LAZIO;14;14;0
569;C;C;BERARDI L.;VENEZIA;1;1;0
298;C;C;BERISHA M.;LECCE;22;22;0
382;C;C;BERNABÈ A.;PARMA;29;29;0
110;C;C;BERNARDESCHI F.;BOLOGNA;40;40;0
477;C;C;BOHINEN E.;VENEZIA;6;6;0
419;C;C;BOLOCA D.;SASSUOLO;7;7;0
511;C;C;BONDO W.;MILAN;12;12;0
170;C;C;BRESCIANINI M.;FIORENTINA;21;20;-1
478;C;C;BUSIO G.;VENEZIA;15;16;1
599;C;C;CACCIAMANI A.;TORINO;1;2;1
523;C;C;CAJUSTE J.;NAPOLI;8;8;0
71;C;C;CALHANOGLU H.;INTER;60;63;3
680;C;C;CALIGARA F.;SASSUOLO;2;2;0
195;C;C;CALÒ G.;FROSINONE;22;22;0
148;C;C;CAQUERET M.;COMO;35;35;0
546;C;C;CARBONI V.;INTER;15;15;0
434;C;C;CASADEI C.;TORINO;28;27;-1
684;C;C;CASSA F.;ATALANTA;1;1;0
691;C;C;CASSANO R.;COMO;1;1;0
277;C;C;CATALDI D.;LAZIO;22;22;0
515;C;C;CHAKVETADZE G.;UDINESE;13;13;0
509;C;C;CHUKWUEZE S.;MILAN;28;30;2
196;C;C;CICHELLA M.;FROSINONE;15;15;0
657;C;C;CINQUEGRANO S.;SASSUOLO;1;1;0
507;C;C;CISSÈ A.;MILAN;2;7;5
345;C;C;CIURRIA P.;MONZA;11;11;0
341;C;C;COLOMBO Le.;MONZA;11;11;0
342;C;C;COLPANI A.;MONZA;16;16;0
664;C;C;COMOTTO C.;MILAN;1;1;0
57;C;C;CONCEICAO F.;JUVENTUS;41;42;1
299;C;C;COULIBALY L.;LECCE;16;18;2
383;C;C;CREMASCHI B.;PARMA;10;10;0
403;C;C;CRISTANTE B.;ROMA;32;32;0
150;C;C;DA CUNHA L.;COMO;45;45;0
480;C;C;DAGASSO M.;VENEZIA;6;6;0
8;C;C;DE BRUYNE K.;NAPOLI;44;48;4
78;C;C;DE ROON M.;ATALANTA;27;27;0
128;C;C;DEIOLA A.;CAGLIARI;12;13;1
278;C;C;DELE-BASHIRU F.;LAZIO;17;17;0
238;C;C;DIOUF A.;INTER;18;21;3
481;C;C;DUNCAN A.;VENEZIA;10;10;0
80;C;C;EDERSON;ATALANTA;38;37;-1
458;C;C;EKKELENKAMP J.;UDINESE;28;29;1
44;C;C;EL AYNAOUI N.;ROMA;24;24;0
597;C;C;EL AZZOUZI O.;BOLOGNA;8;7;-1
711;C;C;EL HADDAD S.;VENEZIA;1;1;0
220;C;C;ELLERTSSON M.;GENOA;17;18;1
666;C;C;ELMAS E.;ATALANTA;24;24;0
173;C;C;FABBIAN G.;FIORENTINA;21;21;0
149;C;C;FADERA A.;CAGLIARI;20;20;0
175;C;C;FAGIOLI N.;FIORENTINA;33;30;-3
708;C;C;FANNE L.;VENEZIA;1;1;0
699;C;C;FARCOMENI V.;LAZIO;1;1;0
43;C;C;FARJI M.;VENEZIA;2;2;0
176;C;C;FAZZINI J.;CAGLIARI;18;18;0
60;C;C;FERGUSON L.;BOLOGNA;20;20;0
608;C;C;FITZ-JIM K.;TORINO;11;12;1
555;C;C;FOE-ONDOA M.;MONZA;6;6;0
300;C;C;FOFANA S.;LECCE;4;4;0
320;C;C;FOFANA Y.;MILAN;29;29;0
366;C;C;FOLORUNSHO M.;NAPOLI;22;22;0
239;C;C;FRATTESI D.;LAZIO;21;26;5
221;C;C;FRENDRUP M.;GENOA;20;21;1
93;C;C;GAETANO G.;ATALANTA;19;21;2
343;C;C;GALAZZI N.;MONZA;5;6;1
301;C;C;GANDELMAN O.;LECCE;20;20;0
197;C;C;GELLI F.;FROSINONE;10;10;0
679;C;C;GHION A.;SASSUOLO;2;2;0
61;C;C;GILMOUR B.;NAPOLI;9;9;0
435;C;C;GINEITIS G.;TORINO;23;24;1
580;C;C;GOMEZ U.;UDINESE;17;17;0
302;C;C;GORTER O.;LECCE;1;6;5
688;C;C;GRANDU N.;CAGLIARI;1;1;0
638;C;C;GRILLITSCH F.;FROSINONE;14;14;0
179;C;C;GUDMUNDSSON A.;FIORENTINA;40;40;0
482;C;C;HAINAUT A.;VENEZIA;15;15;0
525;C;C;HASA L.;FROSINONE;5;6;1
484;C;C;HELGASON T.;VENEZIA;10;10;0
420;C;C;IANNONI E.;SASSUOLO;15;15;0
436;C;C;ILIC I.;LECCE;14;14;0
438;C;C;ILKHAN E.;TORINO;17;17;0
25;C;C;INAO OULAI C.;FIORENTINA;20;20;0
69;C;C;JASHARI A.;MILAN;15;15;0
659;C;C;JONES C.;INTER;39;39;0
504;C;C;KABA M.;LECCE;6;6;0
240;C;C;KAMATE I.;INTER;1;1;0
68;C;C;KARLSTROM J.;UDINESE;23;23;0
384;C;C;KEITA M.;PARMA;20;19;-1
199;C;C;KONE B.;FROSINONE;9;9;0
18;C;C;KONE I.;SASSUOLO;32;32;0
37;C;C;KONE M.;ROMA;40;41;1
51;C;C;KOOPMEINERS T.;JUVENTUS;25;25;0
534;C;C;KOUDA R.;PARMA;1;1;0
200;C;C;KOUTSOUPIAS I.;FROSINONE;16;16;0
303;C;C;KOVAC N.;LECCE;1;1;0
223;C;C;LAFONT G.;GENOA;5;5;0
151;C;C;LAHDO A.;COMO;2;2;0
591;C;C;LIBERALI M.;COMO;18;19;1
576;C;C;LINDSTROM J.;NAPOLI;15;15;0
421;C;C;LIPANI L.;SASSUOLO;16;16;0
129;C;C;LITETA J.;CAGLIARI;4;4;0
364;C;C;LOBOTKA S.;NAPOLI;26;27;1
259;C;C;LOCATELLI M.;JUVENTUS;33;33;0
321;C;C;LOFTUS-CHEEK R.;MILAN;32;30;-2
561;C;C;LOVRIC S.;UDINESE;10;10;0
243;C;C;LUIS HENRIQUE;INTER;25;25;0
548;C;C;LUIZ D.;JUVENTUS;22;22;0
645;C;C;LUONGO A.;TORINO;1;1;0
94;C;C;MALDINI D.;CAGLIARI;20;20;0
502;C;C;MALEH Y.;LECCE;9;10;1
177;C;C;MANDRAGORA R.;FIORENTINA;30;30;0
686;C;C;MANZONI A.;ATALANTA;1;1;0
224;C;C;MASINI P.;FROSINONE;16;16;0
550;C;C;MASSOLIN Y.;INTER;4;4;0
625;C;C;MASTANTUONO F.;FIORENTINA;34;34;0
422;C;C;MATIC N.;SASSUOLO;24;24;0
152;C;C;MAZZITELLI L.;COMO;14;14;0
76;C;C;MCKENNIE W.;JUVENTUS;42;41;-1
59;C;C;MCTOMINAY S.;NAPOLI;60;59;-1
582;C;C;MEICHTRY F.;GENOA;12;12;0
225;C;C;MESSIAS J.;GENOA;25;25;0
573;C;C;MILLA L.;COMO;20;20;0
62;C;C;MILLER L.;UDINESE;14;15;1
260;C;C;MIRETTI F.;JUVENTUS;19;19;0
241;C;C;MKHITARYAN H.;INTER;33;33;0
26;C;C;MODRIC L.;MILAN;43;43;0
652;C;C;MORA R.;ROMA;26;27;1
650;C;C;MOREIRA D.;MILAN;35;35;0
31;C;C;MORO N.;BOLOGNA;19;19;0
663;C;C;MOUT M.;MONZA;1;4;3
323;C;C;MUSAH Y.;MILAN;13;14;1
178;C;C;NDOUR C.;FIORENTINA;17;16;-1
305;C;C;NGOM O.;LECCE;8;8;0
385;C;C;NICOLUSSI CAVIGLIA H.;PARMA;17;17;0
612;C;C;NUAMAH P.;SASSUOLO;5;5;0
112;C;C;ODGAARD J.;BOLOGNA;25;25;0
386;C;C;ORDONEZ C.;PARMA;14;14;0
437;C;C;ORISTANIO G.;TORINO;16;16;0
111;C;C;ORSOLINI R.;BOLOGNA;53;52;-1
710;C;C;PANADA S.;VENEZIA;1;1;0
29;C;C;PASALIC M.;ATALANTA;29;29;0
5;C;C;PAZ N.;COMO;59;57;-2
707;C;C;PEJICIC D.;UDINESE;1;1;0
404;C;C;PELLEGRINI LO.;ROMA;46;45;-1
486;C;C;PEREZ K.;VENEZIA;17;17;0
6;C;C;PERRONE M.;COMO;35;34;-1
344;C;C;PESSINA M.;MONZA;20;20;0
306;C;C;PIEROTTI S.;LECCE;25;25;0
459;C;C;PIOTROWSKI J.;UDINESE;20;19;-1
405;C;C;PISILLI N.;ROMA;28;31;3
113;C;C;POBEGA T.;BOLOGNA;20;20;0
365;C;C;POLITANO M.;NAPOLI;38;36;-2
279;C;C;PRZYBOREK A.;LAZIO;7;7;0
77;C;C;PULISIC C.;MILAN;57;56;-1
35;C;C;RABIOT A.;MILAN;46;51;5
322;C;C;RICCI S.;MILAN;24;24;0
602;C;C;ROMANO A.;CAGLIARI;6;11;5
280;C;C;ROVELLA N.;LAZIO;15;16;1
11;C;C;SAELEMAEKERS A.;MILAN;38;38;0
95;C;C;SAMARDZIC L.;ATALANTA;27;27;0
367;C;C;SANTOS A.;NAPOLI;46;46;0
636;C;C;SCHMID R.;FROSINONE;19;18;-1
174;C;C;SOHM S.;VENEZIA;17;17;0
387;C;C;SORENSEN O.;PARMA;17;17;0
171;C;C;SOTTIL R.;FIORENTINA;14;14;0
627;C;C;SOW D.;GENOA;18;18;0
551;C;C;STANKOVIC A.;INTER;18;18;0
30;C;C;SUCIC P.;INTER;28;28;0
40;C;C;SULEMANA I.;ATALANTA;13;13;0
281;C;C;TAYLOR K.;LAZIO;34;35;1
48;C;C;THORSTVEDT K.;SASSUOLO;38;38;0
262;C;C;THURAM K.;JUVENTUS;35;35;0
201;C;C;TOCI M.;FROSINONE;1;1;0
242;C;C;TOPALOVIC L.;INTER;1;1;0
660;C;C;TOURÉ I.;MONZA;15;15;0
594;C;C;TRAORÈ H.;GENOA;15;15;0
222;C;C;VENTURINO L.;GENOA;16;16;0
368;C;C;VERGARA A.;NAPOLI;22;27;5
27;C;C;VLASIC N.;TORINO;52;51;-1
79;C;C;VOLPATO C.;SASSUOLO;25;25;0
583;C;C;WIAFE S.;GENOA;4;4;0
590;C;C;WINKS H.;CAGLIARI;13;14;1
282;C;C;ZACCAGNI M.;LAZIO;41;41;0
96;C;C;ZALEWSKI N.;ATALANTA;24;24;0
460;C;C;ZANIOLO N.;UDINESE;48;48;0
461;C;C;ZARRAGA O.;UDINESE;13;13;0
528;C;C;ZERBIN A.;FROSINONE;11;12;1
508;C;C;ZEROLI K.;MILAN;3;3;0
261;C;C;ZHEGROVA E.;JUVENTUS;21;20;-1
244;C;C;ZIELINSKI P.;INTER;39;42;3
440;A;A;ABOUKHLAL Z.;TORINO;18;17;-1
600;A;A;ADAMS A.;VENEZIA;18;17;-1
63;A;A;ADAMS C.;TORINO;50;53;3
153;A;A;ADDAI J.;COMO;20;20;0
487;A;A;ADORANTE A.;VENEZIA;24;24;0
617;A;A;ALAJBEGOVIC K.;JUVENTUS;33;33;0
388;A;A;ALMQVIST P.;PARMA;15;15;0
75;A;A;ALVAREZ A.;SASSUOLO;13;13;0
406;A;A;ARENA A.;ROMA;3;3;0
689;A;A;AZON I.;COMO;1;1;0
346;A;A;BALDÉ K.;MONZA;12;12;0
324;A;A;BALENTIEN C.;MILAN;1;1;0
202;A;A;BARCELLA K.;FROSINONE;2;2;0
462;A;A;BAYO V.;UDINESE;15;13;-2
423;A;A;BERARDI D.;SASSUOLO;48;47;-1
263;A;A;BOGA J.;JUVENTUS;36;35;-1
23;A;A;BONNY A.;INTER;32;32;0
131;A;A;BORRELLI G.;CAGLIARI;24;24;0
605;A;A;BOWIE K.;SASSUOLO;25;25;0
325;A;A;CAMARDA F.;MILAN;10;10;0
114;A;A;CAMBIAGHI N.;BOLOGNA;28;28;0
283;A;A;CANCELLIERI M.;LAZIO;19;18;-1
635;A;A;CARLOS K.;CAGLIARI;12;12;0
115;A;A;CASTRO S.;ROMA;57;56;-1
371;A;A;CHEDDIRA W.;NAPOLI;19;19;0
203;A;A;CICHERO A.;FROSINONE;2;2;0
204;A;A;COLLEY M.;FROSINONE;1;1;0
226;A;A;COLOMBO L.;GENOA;36;35;-1
692;A;A;CROCI F.;FIORENTINA;1;1;0
347;A;A;CUTRONE P.;MONZA;24;24;0
17;A;A;DAVID J.;JUVENTUS;50;49;-1
464;A;A;DAVIS K.;UDINESE;61;60;-1
10;A;A;DE KETELAERE C.;ATALANTA;40;39;-1
654;A;A;DE MARTIS T.;PARMA;4;4;0
65;A;A;DIA B.;LAZIO;21;23;2
615;A;A;DIALLO O.;PARMA;3;3;0
64;A;A;DIAO A.;COMO;30;30;0
117;A;A;DOMINGUEZ B.;SASSUOLO;18;18;0
154;A;A;DOUVIKAS T.;COMO;65;67;2
407;A;A;DOVBYK A.;BOLOGNA;20;19;-1
408;A;A;DYBALA P.;ROMA;50;54;4
266;A;A;EKHATOR J.;JUVENTUS;20;20;0
389;A;A;ELPHEGE N.;PARMA;22;22;0
245;A;A;ESPOSITO F.;INTER;40;46;6
132;A;A;ESPOSITO S.;CAGLIARI;40;40;0
673;A;A;FATAH A.;LECCE;9;9;0
133;A;A;FELICI M.;CAGLIARI;9;10;1
206;A;A;FINI S.;FROSINONE;10;10;0
348;A;A;FORSON O.;MONZA;3;3;0
390;A;A;FRIGAN M.;PARMA;10;10;0
706;A;A;GABELLINI T.;TORINO;1;1;0
619;A;A;GEUBBELS W.;LECCE;16;16;0
1;A;A;GHEDJEMIS F.;FROSINONE;25;25;0
46;A;A;GIMENEZ S.;MILAN;22;22;0
369;A;A;GIOVANE D.;NAPOLI;25;25;0
632;A;A;GONZALEZ N.;JUVENTUS;18;18;0
465;A;A;GUEYE I.;UDINESE;15;14;-1
586;A;A;HAVEL E.;GENOA;21;21;0
370;A;A;HOJLUND R.;NAPOLI;78;75;-3
284;A;A;ISAKSEN G.;LAZIO;26;26;0
505;A;A;JOVIC M.;LECCE;1;1;0
516;A;A;KARLSSON J.;BOLOGNA;9;9;0
182;A;A;KEAN M.;FIORENTINA;64;63;-1
616;A;A;KOLO MUANI R.;JUVENTUS;76;73;-3
97;A;A;KRSTOVIC N.;ATALANTA;56;58;2
155;A;A;KUHN N.;COMO;20;20;0
441;A;A;KULENOVIC S.;TORINO;17;17;0
683;A;A;KULLA G.;SASSUOLO;1;1;0
207;A;A;KVERNADZE G.;FROSINONE;18;19;1
647;A;A;LAERKE H.;LECCE;1;1;0
53;A;A;LANG N.;NAPOLI;35;35;0
489;A;A;LAUBERBACH L.;VENEZIA;6;6;0
424;A;A;LAURIENTÉ A.;SASSUOLO;46;46;0
246;A;A;LAVELLI M.;INTER;1;1;0
55;A;A;LEAO R.;MILAN;65;64;-1
554;A;A;LISMAN K.;VENEZIA;10;10;0
646;A;A;LONTANI S.;PARMA;1;3;2
519;A;A;LOUBAO S.;MONZA;3;3;0
531;A;A;LUCCA L.;NAPOLI;28;28;0
52;A;A;MALEN D.;ROMA;84;93;9
3;A;A;MARTINEZ L.;INTER;88;85;-3
518;A;A;MARTINS K.;MONZA;3;3;0
134;A;A;MENDY P.;CAGLIARI;5;5;0
264;A;A;MILIK A.;JUVENTUS;10;10;0
563;A;A;MODESTO R.;UDINESE;5;5;0
156;A;A;MORATA A.;COMO;18;18;0
247;A;A;MOSCONI M.;INTER;1;1;0
349;A;A;MOTA D.;MONZA;19;19;0
661;A;A;MUTANDWA K.;CAGLIARI;13;13;0
309;A;A;N'DRI K.;LECCE;17;17;0
372;A;A;NERES D.;NAPOLI;42;42;0
530;A;A;NGONGE C.;NAPOLI;18;18;0
442;A;A;NJIE A.;TORINO;20;22;2
285;A;A;NOSLIN T.;LAZIO;23;23;0
695;A;A;NUREDINI J.;GENOA;1;1;0
181;A;A;NZOLA M.;FIORENTINA;20;20;0
567;A;A;OKORO A.;VENEZIA;7;7;0
669;A;A;OSMAJIC M.;GENOA;0;14;14
675;A;A;PELLEGRI P.;TORINO;6;6;0
392;A;A;PELLEGRINO M.;FIORENTINA;48;46;-2
183;A;A;PICCOLI R.;BOLOGNA;26;26;0
681;A;A;PIERINI N.;SASSUOLO;2;2;0
426;A;A;PINAMONTI A.;LAZIO;54;53;-1
208;A;A;RAIMONDO A.;FROSINONE;23;23;0
56;A;A;RAMOS G.;MILAN;78;77;-1
98;A;A;RASPADORI G.;ATALANTA;42;45;3
286;A;A;RATKOV P.;LAZIO;20;20;0
628;A;A;ROBINSON J.;MONZA;9;9;0
157;A;A;RODRIGUEZ J.;COMO;40;38;-2
641;A;A;ROMERO D.;PARMA;18;18;0
118;A;A;ROWE J.;BOLOGNA;40;39;-1
584;A;A;RRAHMANI Al.;VENEZIA;10;10;0
99;A;A;SCAMACCA G.;ATALANTA;60;59;-1
443;A;A;SIMEONE G.;TORINO;57;55;-2
677;A;A;SKJELLERUP L.;SASSUOLO;3;3;0
4;A;A;SOULE M.;ROMA;56;55;-1
248;A;A;SPINACCÈ M.;INTER;1;1;0
310;A;A;STULIC N.;LECCE;29;28;-1
39;A;A;SULEMANA K.;ATALANTA;23;23;0
38;A;A;THURAM M.;INTER;74;73;-1
581;A;A;TOURÉ E.;PARMA;13;13;0
709;A;A;TOURÉ M.;VENEZIA;1;1;0
136;A;A;TREPY Y.;CAGLIARI;4;4;0
606;A;A;VARELA G.;MONZA;14;19;5
409;A;A;VAZ R.;ROMA;20;20;0
533;A;A;VIGLIOTTI G.;NAPOLI;1;1;0
466;A;A;VINCIATI G.;UDINESE;1;1;0
227;A;A;VÍTINHA;GENOA;31;30;-1
34;A;A;YEBOAH J.;VENEZIA;24;24;0
73;A;A;YILDIZ K.;JUVENTUS;70;67;-3
444;A;A;ZAPATA D.;TORINO;43;42;-1
682;A;A;ZULEVIC A.;GENOA;1;1;0
